,AUROC,AUROC,AUPRC,AUPRC,P@20,P@20,P@100,P@100
,mean,std,mean,std,mean,std,mean,std
method,,,,,,,,
random,0.5104764970228681,0.030241718938813993,0.000742009564848845,6.683878660189558e-05,0.0,0.0,0.0,0.0
popularity,0.7666270193452989,0.008113278568527517,0.019867831942959286,0.0030500999145351092,0.05,0.07071067811865475,0.05600000000000001,0.019493588689617924
shared_genes,0.7467099752798353,0.025895166592893083,0.006563232050164123,0.001710793099296368,0.07,0.027386127875258313,0.03,0.01
similar_drugs,0.7324530852394584,0.025880647899190222,0.029722573404359475,0.007099923135039538,0.09,0.04183300132670378,0.082,0.014832396974191326
baselines_only,0.9180790830881028,0.008697302499055266,0.11181748197000618,0.02516698949526853,0.42000000000000004,0.08366600265340758,0.22000000000000003,0.05338539126015656
embeddings_only,0.8881711551459006,0.007893756743195403,0.01587548840141483,0.0061189486383041,0.06,0.05477225575051661,0.038,0.010954451150103324
full,0.9432626691722732,0.011307022719528334,0.11749165467959637,0.03826299816760028,0.43000000000000005,0.1151086443322134,0.21200000000000002,0.06534523701081817
