seed,method,AUROC,AUPRC,P@20,P@100
0,random,0.4936152573271008,0.000718476679772513,0.0,0.0
0,popularity,0.7600326571984987,0.020230591041971575,0.1,0.05
0,shared_genes,0.7104364358238158,0.007340849110010749,0.1,0.04
0,similar_drugs,0.7778834034847086,0.038483050614434015,0.1,0.08
0,baselines_only,0.9205812580165981,0.11329755118201891,0.35,0.22
0,embeddings_only,0.8847668311112951,0.02261595562608658,0.15,0.05
0,full,0.9510146269398725,0.0926372590241391,0.3,0.22
1,random,0.48489269348604946,0.0007130269337791936,0.0,0.0
1,popularity,0.7606484372103667,0.024634663232706078,0.0,0.09
1,shared_genes,0.7778894118531918,0.005898113535525078,0.05,0.02
1,similar_drugs,0.7288497008683898,0.03554625108341227,0.15,0.09
1,baselines_only,0.9130947226094743,0.15092956977933558,0.55,0.27
1,embeddings_only,0.8784752829354825,0.010662863102889964,0.05,0.02
1,full,0.9243254102774532,0.15845020506030918,0.55,0.27
2,random,0.5049849175876813,0.0007107833778436665,0.0,0.0
2,popularity,0.7736445800715418,0.01961044013097874,0.15,0.05
2,shared_genes,0.7525855016935441,0.008969330965173905,0.1,0.04
2,similar_drugs,0.7158762740129225,0.028211452746901667,0.05,0.1
2,baselines_only,0.9321032926975092,0.10325750219793095,0.4,0.24
2,embeddings_only,0.8956163162016739,0.015703730170606677,0.05,0.04
2,full,0.9525676589688233,0.09403659075704651,0.35,0.14
3,random,0.5621963534391373,0.0008613223069479292,0.0,0.0
3,popularity,0.7771311203240897,0.018532358207405102,0.0,0.04
3,shared_genes,0.759726063277674,0.006225671518244659,0.05,0.02
3,similar_drugs,0.7219206933396339,0.021913489240478104,0.1,0.06
3,baselines_only,0.9102857037048926,0.11021076494826063,0.45,0.24
3,embeddings_only,0.8970080856647383,0.021370443656405023,0.05,0.04
3,full,0.9427311239550217,0.15979175378005991,0.55,0.28
4,random,0.5066932632743721,0.0007064385259009225,0.0,0.0
4,popularity,0.7616783019219974,0.016331107101734937,0.0,0.05
4,shared_genes,0.7329124637509506,0.004382195121866226,0.05,0.03
4,similar_drugs,0.7177353544916372,0.02445862333657133,0.05,0.08
4,baselines_only,0.9143304384120401,0.08139202174248489,0.35,0.13
4,embeddings_only,0.8849892598163129,0.009024449451085896,0.0,0.04
4,full,0.9456745257201947,0.08254246477642707,0.4,0.15
