rank,compound,disease,drug,disease_name,score,label,assessment,note,sources,checked_on
1,Compound::DB00591,Disease::DOID:2841,Fluocinolone Acetonide,asthma,0.9986714425855056,no evidence found,likely bias,"No trials or papers found. Fluocinolone acetonide is sold as topical, ear and intravitreal products (FDA labels), not an asthma inhaler. Predicted because it resembles inhaled steroids that treat asthma.",https://clinicaltrials.gov/search?cond=asthma&intr=fluocinolone https://pubmed.ncbi.nlm.nih.gov/?term=%22fluocinolone%22%5Btiab%5D+AND+%22asthma%22%5Btiab%5D https://dailymed.nlm.nih.gov/dailymed/lookup.cfm?setid=02352ed1-3568-441f-add8-45201351a11c,2026-10-01
2,Compound::DB00694,Disease::DOID:1612,Daunorubicin,breast cancer,0.9986208325974084,in clinical trials,tested in humans,"Liposomal daunorubicin was tested in metastatic breast cancer in phase I (registry entry status unknown; published phase I study). Related anthracyclines (doxorubicin, epirubicin) are standard breast cancer drugs.",https://clinicaltrials.gov/study/NCT00004207 https://pubmed.ncbi.nlm.nih.gov/12085249/,2026-10-01
3,Compound::DB01222,Disease::DOID:3310,Budesonide,atopic dermatitis,0.9985718964182596,some published evidence,plausible new idea,"Only a 2024 formulation study (budesonide nanoparticle hydrogel designed for atopic dermatitis); no human trial found. US budesonide products are nasal, inhaled, oral or rectal (FDA labels), not topical.",https://pubmed.ncbi.nlm.nih.gov/38275852/ https://clinicaltrials.gov/search?cond=atopic+dermatitis&intr=budesonide,2026-10-01
4,Compound::DB00741,Disease::DOID:2531,Hydrocortisone,hematologic cancer,0.9985054884516892,already used/approved,known use missing from Hetionet,"FDA label for oral hydrocortisone lists 'palliative management of leukemias and lymphomas in adults; acute leukemia of childhood'. Note: palliative, i.e. closer to Hetionet's 'palliates' than 'treats'.",https://dailymed.nlm.nih.gov/dailymed/lookup.cfm?setid=04f112e5-ec88-46c8-b675-8b4e38a86ab4,2026-10-01
5,Compound::DB01260,Disease::DOID:2841,Desonide,asthma,0.9984061560649332,no evidence found,likely bias,No trials found; the one PubMed hit is about contact dermatitis from an inhaled steroid. All 28 desonide FDA labels are topical (skin).,https://clinicaltrials.gov/search?cond=asthma&intr=desonide https://pubmed.ncbi.nlm.nih.gov/?term=%22desonide%22%5Btiab%5D+AND+%22asthma%22%5Btiab%5D https://dailymed.nlm.nih.gov/dailymed/lookup.cfm?setid=0665dd04-1d0b-45bf-90e4-c6e0bd90956d,2026-10-01
6,Compound::DB01214,Disease::DOID:10763,Metipranolol,hypertension,0.9981382908858172,no evidence found,likely bias,"Metipranolol is a beta-blocker, but the literature found is about EYE drops for ocular hypertension/glaucoma (raised eye pressure), not blood pressure. No openFDA label found for metipranolol.",https://pubmed.ncbi.nlm.nih.gov/2905641/ https://clinicaltrials.gov/search?cond=hypertension&intr=metipranolol,2026-10-01
7,Compound::DB04574,Disease::DOID:10283,Estropipate,prostate cancer,0.9979252395972784,no evidence found,plausible new idea,"No trials or papers found for estropipate itself, and no openFDA label found. Hetionet links it to prostate cancer through other estrogens it resembles (estrone, ethinyl estradiol, conjugated estrogens, estramustine) that Hetionet lists as prostate cancer treatments.",https://clinicaltrials.gov/search?cond=prostate+cancer&intr=estropipate https://pubmed.ncbi.nlm.nih.gov/?term=%22estropipate%22%5Btiab%5D+AND+%22prostate%22%5Btiab%5D,2026-10-01
8,Compound::DB01229,Disease::DOID:10283,Paclitaxel,prostate cancer,0.9977729634176112,in clinical trials,tested in humans,"Several phase II trials, e.g. paclitaxel + carboplatin in metastatic prostate cancer (completed). Hetionet already lists the related taxanes docetaxel and cabazitaxel as prostate cancer treatments.",https://clinicaltrials.gov/study/NCT00049257 https://clinicaltrials.gov/search?cond=prostate+cancer&intr=paclitaxel,2026-10-01
9,Compound::DB01222,Disease::DOID:8893,Budesonide,psoriasis,0.997710733617976,in clinical trials,tested in humans,Double-blind trials of budesonide ointment in psoriasis were published in 1981 and 1982. No registered trials found on ClinicalTrials.gov.,https://pubmed.ncbi.nlm.nih.gov/7016629/ https://pubmed.ncbi.nlm.nih.gov/6751704/,2026-10-01
10,Compound::DB00541,Disease::DOID:1612,Vincristine,breast cancer,0.9975206104061224,in clinical trials,tested in humans,"Randomized trials in advanced breast cancer, e.g. adding vincristine to CMF + prednisone (1985). NCT05747313 was NOT counted: its listed 'vincristine 40 mg' dose suggests a different drug.",https://pubmed.ncbi.nlm.nih.gov/3896353/ https://pubmed.ncbi.nlm.nih.gov/8872324/,2026-10-01
11,Compound::DB01210,Disease::DOID:10763,Levobunolol,hypertension,0.997429224414884,no evidence found,likely bias,"The only FDA label is an EYE drop for glaucoma / ocular hypertension (raised eye pressure), not high blood pressure. A naive text search matches 'hypertension' here, which would have been a false 'approved'.",https://dailymed.nlm.nih.gov/dailymed/lookup.cfm?setid=5ab1efbe-530b-4787-b40a-c7dbf18161e1 https://clinicaltrials.gov/search?cond=hypertension&intr=levobunolol,2026-10-01
12,Compound::DB00764,Disease::DOID:8893,Mometasone,psoriasis,0.997295319364888,in clinical trials,tested in humans,"Completed phase 4 and phase 2 trials in psoriasis (e.g. Elocon/mometasone vs fluticasone). FDA label covers 'corticosteroid-responsive dermatoses' without naming psoriasis, so I did not label it approved.",https://clinicaltrials.gov/study/NCT00763529 https://clinicaltrials.gov/study/NCT00845481 https://dailymed.nlm.nih.gov/dailymed/lookup.cfm?setid=031283ed-988b-4698-8a2e-00f3d41c0f71,2026-10-01
13,Compound::DB00731,Disease::DOID:10763,Nateglinide,hypertension,0.9971276166321574,no evidence found,likely bias,Nateglinide is a type 2 diabetes drug (FDA label). No trials for hypertension; PubMed hits are about diabetes patients or combination tablets. Hetionet links it to hypertension because it chemically resembles ACE inhibitors.,https://dailymed.nlm.nih.gov/dailymed/lookup.cfm?setid=0ccf9b07-3c21-482d-abeb-a06ceb482c7b https://clinicaltrials.gov/search?cond=hypertension&intr=nateglinide https://pubmed.ncbi.nlm.nih.gov/?term=%22nateglinide%22%5Btiab%5D+AND+%22hypertension%22%5Btiab%5D,2026-10-01
14,Compound::DB01064,Disease::DOID:10763,Isoprenaline,hypertension,0.9970762963477776,no evidence found,likely bias,"Isoproterenol (isoprenaline) injection is labelled for shock, bronchospasm during anesthesia and heart block. In hypertension studies it is used as a test agent, not a treatment. It stimulates beta receptors, the opposite of the beta-blockers it resembles.",https://dailymed.nlm.nih.gov/dailymed/lookup.cfm?setid=046f2941-3bc0-4755-861c-71bedb49e706 https://clinicaltrials.gov/search?cond=hypertension&intr=isoproterenol https://pubmed.ncbi.nlm.nih.gov/?term=%28%22isoprenaline%22%5Btiab%5D+OR+%22isoproterenol%22%5Btiab%5D%29+AND+%22hypertension%22%5Btiab%5D+AND+clinical+trial%5Bpt%5D,2026-10-01
15,Compound::DB01260,Disease::DOID:8893,Desonide,psoriasis,0.9970446972633488,in clinical trials,tested in humans,A randomized clinical comparison of desonide vs alclometasone ointments in psoriasis was published in 1982. Desonide is a topical steroid (FDA labels).,https://pubmed.ncbi.nlm.nih.gov/6754511/ https://dailymed.nlm.nih.gov/dailymed/lookup.cfm?setid=0665dd04-1d0b-45bf-90e4-c6e0bd90956d,2026-10-01
